{
    "cooldowns": {
       "hug": 120,
       "travel": 1200,
       "work": 300,
       "cure": 120
    },
    "chances": {
        "on_mes": {
            "a": 0.000625,
            "b": 0.011875,
            "c": -0.0075,
            "mask_modify": 0.65
        },
        "hug": 0.25,
        "travel": 0.15,
        "work": {
            "min": 0.01,
            "max": 0.1,
            "infect_divide": 1.4
        },
        "cure": 0.85
    },
    "travel_count": 15,
    "mask_multiplier": 0.65,
    "infect_channels": [692191458047819809, 692191724763611156, 692191747970695170],
    "bot_channels": [692191724763611156, 692191747970695170],
    "guild": 692191457574125608,
    "log_channel": 692207244330139709,
    "roles": {
        "dead": 692192439976591400,
        "scientist": 692192409374818434,
        "cured": 692208983930306610,
        "infected": 692192362432036905,
        "masked": 692195569678155847,
        "immune": 692193245748396113
    }
 }